{"cameraMode":{"drawMode":0,"name":"Shaded","section":"Shading Mode"},"sceneLighting":true,"audioPlay":false,"sceneViewState":{"m_AlwaysRefresh":false,"showFog":true,"showSkybox":false,"showFlares":true,"showImageEffects":true,"showParticleSystems":true,"showVisualEffectGraphs":true,"m_FxEnabled":true},"in2DMode":false,"pivot":{"x":-0.9094380140304565,"y":0.1738584041595459,"z":0.7848705649375916},"rotation":{"x":0.22170263528823853,"y":0.12977400422096253,"z":-0.029777124524116517,"w":0.9659894108772278},"size":0.9457213878631592,"orthographic":false}