{"cameraMode":{"drawMode":0,"name":"Shaded","section":"Shading Mode"},"sceneLighting":false,"audioPlay":false,"sceneViewState":{"m_AlwaysRefresh":false,"showFog":true,"showSkybox":false,"showFlares":true,"showImageEffects":true,"showParticleSystems":true,"showVisualEffectGraphs":true,"m_FxEnabled":true},"in2DMode":false,"pivot":{"x":-2.6836013793945314,"y":1.2744561433792115,"z":3.3249616622924806},"rotation":{"x":0.06310158222913742,"y":-0.24266862869262696,"z":0.015823787078261377,"w":0.9679388403892517},"size":4.43021297454834,"orthographic":false}